Event Name,Date,Location,Price
"Sahara Desert Tour & Marrakech, Morocco - 21 to 25 Feb 2024",Feb 21 to Feb 25,Marrakesh,Starts at GBP 150
Rekindle your-self in Morocco/ Persikrauk Maroke,Apr 12,"Marrakesh, Morocco",
Morocco: A Feast for the Senses,Mar 04,"Marrakesh, Morocco",
The Sacred Explorer: A Full Moon Moroccan Yoga Retreat,Apr 18,Morocco,USD 3k
Morocco Explorer,May 07,"Marrakesh, Morocco",
Marrakech Agafay Desert New years Event,Dec 31,Marrakesh,EUR 145
Marrakech Run 2024,Jan 26,Marrakesh,Free
"RAK NYE24 │ Sunset to Sunrise │ Marrakech, Agafay Desert",Dec 31,Casablanca,
100% Entrepreneuses,Jan 29,Marrakech,
Trip of 20 persons to Kelaat Mgouna,Dec 21,Marrakesh,
Origins Winter 2023,Dec 29,Essaouira,
YQ Morocco Retreat | February 2024,Feb 22,Essaouira,EUR 300
Weekend a Marrakech 21/24 Gennaio,Jan 21,Essaouira,
Fire Moon Rising Morocco - 5 day Women´s retreat,Mar 06,Morocco,
Marrakech International Film Festival,"November 24 to December 02, 2023",Marrakech,Varies
Marrakech African Book Festival,"February 8 to 11, 2024",Marrakech,Varies
Gims and Dadju Concert,"December 24, 2023",Marrakech,Varies
International Collective Exhibition of Sustainable Water Management,"September 08 to December 13, 2023",Marrakech,Free
34th International Congress of Occupational Health,"April 28 to May 3, 2024",Marrakech,Registration Required
Pierre Bergé Auditorium Events,"Every Monday at 19 p.m., from October 02 to December 23, 2023","Pierre Bergé Auditorium, Marrakech",Varies
The Confluence Museum Opening,"Since November 23, 2023","The Confluence Museum, Marrakech",Free
Shaeirat Event,"December 6, 2023",Marrakech,Varies
The Mother of Spring Event,"November 25 to December 15, 2023",Marrakech,Varies
Photo Exhibition 'Fragments of Light' by Fanny Deniau El Maïmouni,"October 08 to December 10, 2023",Marrakech,Free
RAK HNY 24 │ Sunset Sunrise │ Agafay Desert,"Sun, Dec 31 • 6:00 PM",Agafay Valley,From €54.45
#NxlevelTravel Presents 'Arabian Nights' in Morocco,"Wed, Mar 6 • 12:00 AM",Marrakesh,From $157.34
Reise - Fotoworkshop Master Class Marokko: Abenteuer pur im Süden Marrokkos,"Sun, Feb 25 • 10:00 AM",Flughafen Marrakesch-Menara,"From €2,463.30"
"TOUBKAL 4167MT HIGH ATLAS, MOROCCO LONG WEEKEND 04 TO 06 MAY 2024","Sat, May 4 • 10:00 AM",Marrakech Airport Lounge,From £109.05
Makeup For Every Woman in Marrakech - 1TO1 with drive to your place,Tomorrow • 7:00 PM + 20 more,Marrakesh,From £107.32
The Sacred Explorer: A Full Moon Moroccan Yoga Retreat,"Thu, Apr 18 • 12:00 PM",Morocco,"From $3,238.27"
Marrakech Run 2024,"Fri, Jan 26 • 7:00 AM",Marrakesh,From £300.00
Let's Heal Together - Winter Solstice Edition,Thursday • 7:00 PM,Les Jardins de la Santé,Check ticket price on event
Shine Morocco with Mia Serra,"Thu, Mar 14 • 8:00 PM",Kasbah Africa,From £477.40
Get Over Your Ex Now | 2- Day Workshop for Singles in Marrakesh,"Fri, Dec 29 • 12:30 AM",Marrakesh,Free
Workshop: Campagne Social Media Performante -GOMYCODE Marrakech,Friday • 4:00 PM,GOMYCODE Marrakech,Free
Retiro En El Desierto De Marruecos: El Triángulo De La Plenitud,"Fri, Mar 22 • 7:00 PM",Morocco,From $594.07
Experienciah Event,"Sat, Dec 23 • 10:00 AM","Jaal Riad Resort, Boulevard Mohamed VI, Marrakech, Maroc",Free
Educating young people and helping them with their lifestyle,"Fri, Dec 29 • 10:00 AM","Safi, Maroc",From $107.83
